<ImportExportXml xmlns:xsi="http://www.w3.org/2001/XMLSchema-instance">
  <Entities>
    <Entity>
      <Name LocalizedName="Email" OriginalName="E-mail">Email</Name>
      <ObjectTypeCode>4202</ObjectTypeCode>
      <RibbonDiffXml>
        <CustomActions>
          <CustomAction Id="new.email.Button2.Button.CustomAction" Location="Mscrm.Form.email.MainTab.Management.Controls._children" Sequence="5">
            <CommandUIDefinition>
              <Button Command="new.email.DownloadAttachments.Command" Id="new.email.Button2.Button" Image32by32="/_imgs/ribbon/attachment_32.png" Image16by16="/_imgs/ribbon/Attachment_16.png" LabelText="$LocLabels:new.email.Button2.Button.LabelText" Sequence="5" TemplateAlias="o1" ToolTipTitle="$LocLabels:new.email.Button2.Button.ToolTipTitle" ToolTipDescription="$LocLabels:new.email.Button2.Button.ToolTipDescription" ModernImage="Attach" />
            </CommandUIDefinition>
          </CustomAction>
        </CustomActions>
        <Templates>
          <RibbonTemplates Id="Mscrm.Templates"></RibbonTemplates>
        </Templates>
        <CommandDefinitions>
          <CommandDefinition Id="new.email.DownloadAttachments.Command">
            <EnableRules />
            <DisplayRules />
            <Actions>
              <JavaScriptFunction FunctionName="DownloadAttachments" Library="$webresource:new_attachmentScript" />
            </Actions>
          </CommandDefinition>
        </CommandDefinitions>
        <RuleDefinitions>
          <TabDisplayRules />
          <DisplayRules />
          <EnableRules />
        </RuleDefinitions>
        <LocLabels>
          <LocLabel Id="new.email.Button2.Button.LabelText">
            <Titles>
              <Title description="Save Attachments" languagecode="1033" />
            </Titles>
          </LocLabel>
          <LocLabel Id="new.email.Button2.Button.ToolTipDescription">
            <Titles>
              <Title description="Downloads all attachments in the email" languagecode="1033" />
            </Titles>
          </LocLabel>
          <LocLabel Id="new.email.Button2.Button.ToolTipTitle">
            <Titles>
              <Title description="Download Attachments" languagecode="1033" />
            </Titles>
          </LocLabel>
        </LocLabels>
      </RibbonDiffXml>
    </Entity>
  </Entities>
  <Roles></Roles>
  <Workflows></Workflows>
  <FieldSecurityProfiles></FieldSecurityProfiles>
  <Templates />
  <EntityMaps />
  <EntityRelationships />
  <OrganizationSettings />
  <optionsets />
  <WebResources>
    <WebResource>
      <WebResourceId>{6c90b983-849c-e811-a95c-00155d14154d}</WebResourceId>
      <Name>new_attachmentScript</Name>
      <DisplayName>Attachment Script</DisplayName>
      <LanguageCode>1033</LanguageCode>
      <WebResourceType>3</WebResourceType>
      <IntroducedVersion>1.0.0.0</IntroducedVersion>
      <IsEnabledForMobileClient>0</IsEnabledForMobileClient>
      <IsAvailableForMobileOffline>0</IsAvailableForMobileOffline>
      <DependencyXml>&lt;Dependencies&gt;&lt;Dependency componentType="WebResource"/&gt;&lt;/Dependencies&gt;</DependencyXml>
      <IsCustomizable>1</IsCustomizable>
      <CanBeDeleted>1</CanBeDeleted>
      <IsHidden>0</IsHidden>
      <FileName>/WebResources/new_attachmentScript6C90B983-849C-E811-A95C-00155D14154D</FileName>
    </WebResource>
  </WebResources>
  <Languages>
    <Language>1033</Language>
  </Languages>
</ImportExportXml>